{
  "project_info": {
    "project_number": "948244480509",
    "firebase_url": "https://phprecordapp.firebaseio.com",
    "project_id": "phprecordapp",
    "storage_bucket": "phprecordapp.appspot.com"
  },
  "client": [
    {
      "client_info": {
        "mobilesdk_app_id": "1:948244480509:android:2c0ba9dc4948e8b9",
        "android_client_info": {
          "package_name": "com.example.lenovo.phprecordapp"
        }
      },
      "oauth_client": [
        {
          "client_id": "948244480509-bhte34tqigg0u49d8kseciu8rtt6ftd8.apps.googleusercontent.com",
          "client_type": 1,
          "android_info": {
            "package_name": "com.example.lenovo.phprecordapp",
            "certificate_hash": "791762aa370013a9b90090b38cefa2049840ce88"
          }
        },
        {
          "client_id": "948244480509-l8gi89a92trtgt78g86hqahunoa64kte.apps.googleusercontent.com",
          "client_type": 3
        }
      ],
      "api_key": [
        {
          "current_key": "AIzaSyA9YPN3Nw4MUIifEoNTTFWsCFfrHF7vazA"
        }
      ],
      "services": {
        "analytics_service": {
          "status": 1
        },
        "appinvite_service": {
          "status": 2,
          "other_platform_oauth_client": [
            {
              "client_id": "948244480509-l8gi89a92trtgt78g86hqahunoa64kte.apps.googleusercontent.com",
              "client_type": 3
            }
          ]
        },
        "ads_service": {
          "status": 2
        }
      }
    }
  ],
  "configuration_version": "1"
}